measurement_interval,initial_history_months,section,scope,evaluation_scope,n_full_features,n_without_lithology,mae_full_features,mae_without_lithology,mae_abs_diff,mae_rel_diff,rmse_full_features,rmse_without_lithology,rmse_abs_diff,rmse_rel_diff,mean_signed_error_full_features,mean_signed_error_without_lithology,mean_signed_error_abs_diff,mean_signed_error_rel_diff,coverage_90_full_features,coverage_90_without_lithology,coverage_90_abs_diff,mean_width_90_full_features,mean_width_90_without_lithology,mean_width_90_abs_diff
6,36,S1,monthly,full_period,138,138,0.18203531366541228,0.18183257782078885,-0.0002027358446234362,-0.0011137171164275973,0.21710114875636102,0.21693874464435317,-0.00016240411200785232,-0.0007480573591533974,0.004461503402595875,0.004341445405112341,-0.00012005799748353481,-0.026909762618062875,0.8985507246376812,0.8985507246376812,0.0,0.8537640508289283,0.852102419703712,-0.001661631125216223
6,36,S1,endpoint,full_period,23,23,0.9398408723964605,0.9402115855020368,0.00037071310557623693,0.0003944424172902496,1.074880971405056,1.0739531456857723,-0.0009278257192837369,-0.0008631892683623449,0.026769020415575225,0.02604867243067408,-0.0007203479849011429,-0.02690976261806044,,,,,,
6,36,S1,monthly,shared_period,78,78,0.18407731937268254,0.18377986040909525,-0.00029745896358729373,-0.0016159457591027767,0.2228911914048573,0.2226034363085969,-0.0002877550962603892,-0.0012910115220197901,0.046914214433449175,0.04702482218147858,0.00011060774802940793,0.0023576595998705705,0.9743589743589743,0.9743589743589743,0.0,1.0808567645634979,1.0777779571795754,-0.0030788073839225216
6,36,S1,endpoint,shared_period,13,13,0.9433279096993117,0.9438894982716454,0.0005615885723336822,0.0005953269977061211,1.1015541388765397,1.1015594830846656,5.3442081258125995e-06,4.851516541223372e-06,0.2814852866006949,0.28214893308887157,0.0006636464881766835,0.00235765959987141,,,,,,
6,36,S2,monthly,full_period,138,138,0.22815441627732605,0.22795310946027905,-0.00020130681704699782,-0.0008823270674818126,0.29186427470015536,0.2915773728471142,-0.0002869018530411438,-0.0009829975023009935,0.031117180948408672,0.03110818666557575,-8.99428283292203e-06,-0.00028904555486032856,0.9202898550724637,0.9202898550724637,0.0,0.8762100763025262,0.8739823632121086,-0.0022277130904175824
6,36,S2,endpoint,full_period,23,23,0.988529577206405,0.9884658680636502,-6.370914275477535e-05,-6.444839307167527e-05,1.1466369580327935,1.1466355462646893,-1.4117681041980745e-06,-1.2312250135562946e-06,0.18670308569045208,0.18664911999345446,-5.396569699761544e-05,-0.0002890455548607745,,,,,,
6,36,S2,monthly,shared_period,78,78,0.24766932752034465,0.24762604276970093,-4.3284750643718395e-05,-0.00017476831336800394,0.3020378542532497,0.30192304056323266,-0.0001148136900170349,-0.0003801301340220986,0.03647368311117502,0.03649888104318897,2.5197932013949764e-05,0.0006908524137017979,0.9230769230769231,0.9230769230769231,0.0,0.9862898012460962,0.9834738545666667,-0.0028159466794295263
6,36,S2,endpoint,shared_period,13,13,1.173883385962719,1.1740049271984678,0.00012154123574892317,0.00010353774250688915,1.3197378271575109,1.3197948979625016,5.707080499073314e-05,4.32440472769155e-05,0.21884209866705012,0.21899328625913367,0.00015118759208354593,0.0006908524137011003,,,,,,
6,36,S3,monthly,full_period,138,138,0.16567318543492116,0.1654551237139989,-0.00021806172092225795,-0.0013162161417359587,0.2493223474667586,0.24905101355581036,-0.000271333910948246,-0.0010882855616639905,-0.01643101943033922,-0.016978004806366978,-0.0005469853760277574,-0.03328980154559191,0.9855072463768116,0.9855072463768116,0.0,1.004390685733709,1.0014671774192605,-0.002923508314448542
6,36,S3,endpoint,full_period,23,23,0.7829128168857606,0.7845665595085951,0.0016537426228344643,0.002112294737251404,1.0100674644467982,1.0109685698459725,0.0009011053991743179,0.0008921239727960572,-0.09858611658203538,-0.10186802883820187,-0.0032819122561664887,-0.03328980154559133,,,,,,
6,36,S3,monthly,shared_period,78,78,0.17380814239214154,0.17327604204837085,-0.0005321003437706862,-0.0030614235699624177,0.2851266584255064,0.2847951618714767,-0.0003314965540296977,-0.001162629113181664,-0.042770729940672006,-0.04328400581973768,-0.000513275879065675,-0.01200063407329378,0.9743589743589743,0.9743589743589743,0.0,1.0080579839802486,1.0058756183900994,-0.002182365590149171
6,36,S3,endpoint,shared_period,13,13,0.7610598424933461,0.7629323595186511,0.0018725170253049983,0.002460407080697297,1.0314886627730033,1.0324571673182503,0.0009685045452469954,0.0009389386235650089,-0.2566243796440321,-0.25970403491842603,-0.003079655274393911,-0.012000634073293236,,,,,,
6,36,S4,monthly,full_period,138,138,0.40847235687055217,0.4067286179344024,-0.0017437389361497635,-0.004268927644233137,0.4955110035943961,0.49484752073289523,-0.0006634828615008637,-0.0013389871399182127,0.1817182301942111,0.17973457530468726,-0.001983654889523845,-0.010916102844518221,1.0,1.0,0.0,3.6783088482971142,3.673004490666993,-0.00530435763012127
6,36,S4,endpoint,full_period,23,23,1.4273135511566089,1.4184297570964768,-0.008883794060132066,-0.0062241362824119306,1.7779911034865101,1.7659907297604571,-0.012000373726053004,-0.006749400321813282,1.0903093811652664,1.0784074518281235,-0.011901929337142958,-0.010916102844518123,,,,,,
6,36,S4,monthly,shared_period,78,78,0.40135544645188376,0.39986698409244453,-0.0014884623594392243,-0.0037085889143843166,0.4855925086684111,0.4850102961627442,-0.0005822125056668681,-0.0011989734093374048,0.15597857724831066,0.1544800999195932,-0.001498477328717468,-0.009606943178690248,1.0,1.0,0.0,3.499898808688102,3.495111989962676,-0.004786818725426301
6,36,S4,endpoint,shared_period,13,13,1.2793846662708843,1.2704807501270543,-0.008903916143830015,-0.006959530138643062,1.573443410470534,1.562178026637811,-0.01126538383272302,-0.007159700665277906,0.9358714634898638,0.9268805995175592,-0.008990863972304641,-0.009606943178690071,,,,,,
6,36,S5,monthly,full_period,138,138,0.5157054563618365,0.515012116048792,-0.000693340313044466,-0.0013444502176412786,0.695171960456939,0.6946623687344581,-0.0005095917224808844,-0.000733044126443086,0.002099306784776583,3.1490287728395416e-05,-0.002067816497048188,-0.984999673246068,0.9130434782608695,0.9130434782608695,0.0,2.6259118142411007,2.6230659827021516,-0.0028458315389490174
6,36,S5,endpoint,full_period,23,23,2.653921768925787,2.6508475857076808,-0.0030741832181062634,-0.0011583548746994842,3.5353909445821605,3.535516943386187,0.00012599880402630603,3.563928459436543e-05,0.012595840708659567,0.00018894172637031457,-0.012406898982289253,-0.9849996732460725,,,,,,
6,36,S5,monthly,shared_period,78,78,0.4656051493138816,0.4658470872361269,0.00024193792224530553,0.0005196203749074224,0.5614756641643462,0.5614490450054418,-2.6619158904450657e-05,-4.7409283435406594e-05,0.06125178626223384,0.06013330817410408,-0.0011184780881297596,-0.018260334210357262,1.0,1.0,0.0,2.756422259476215,2.7548078712226367,-0.0016143882535781806
6,36,S5,endpoint,shared_period,13,13,2.4832598159730646,2.4855594117472246,0.002299595774160057,0.0009260391358843622,3.0572009335964823,3.0586602368731426,0.0014593032766603287,0.00047733312541665637,0.3675107175734032,0.36079984904462453,-0.0067108685287786685,-0.018260334210357557,,,,,,
6,36,S6,monthly,full_period,138,138,0.44821958083403385,0.44506756368031897,-0.003152017153714881,-0.007032305790500496,0.6526666230707141,0.6509070137131013,-0.001759609357612768,-0.0026960308608000023,-0.045815846996069026,-0.045275822704774434,0.0005400242912945927,0.011786845091850566,0.8985507246376812,0.8985507246376812,0.0,1.516462080664065,1.5146487703048421,-0.0018133103592228306
6,36,S6,endpoint,full_period,23,23,2.0176819473552117,2.015607168416699,-0.0020747789385127113,-0.001028298310956463,2.5151565712591695,2.513364869556363,-0.001791701702806403,-0.0007123618955894339,-0.27489508197641416,-0.27165493622864684,0.00324014574776732,0.011786845091849707,,,,,,
6,36,S6,monthly,shared_period,78,78,0.5266180656978174,0.5231778908498961,-0.0034401748479213623,-0.006532580387956903,0.7518593392391573,0.7509261166894298,-0.0009332225497274971,-0.0012412196018897232,0.05424935866222751,0.055403145924867725,0.0011537872626402115,0.02126821940557917,0.9487179487179487,0.9487179487179487,0.0,1.8356060617028338,1.834435571760415,-0.001170489942418751
6,36,S6,endpoint,shared_period,13,13,2.5180143470301677,2.5118033669577846,-0.006210980072383077,-0.0024666182222942926,2.9327660257623562,2.92885390790822,-0.0039121178541363655,-0.0013339345245311318,0.32549615197336507,0.33241887554920646,0.006922723575841394,0.021268219405579554,,,,,,
6,36,POOLED,monthly,full_period,828,828,0.32471005157401367,0.3236748514430967,-0.0010352001309169578,-0.0031880754103511227,0.4742095575346258,0.47350044112081496,-0.0007091164138108286,-0.0014953650818373698,0.026191559150597343,0.02549364502532706,-0.0006979141252702846,-0.026646528419991655,0.9359903381642513,0.9359903381642513,0.0,1.759174592677907,1.7563785340015112,-0.002796058676395763
6,36,POOLED,endpoint,full_period,138,138,1.4683667556543722,1.4663547540491901,-0.002012001605182112,-0.0013702309708622292,2.0606081534346545,2.0585517630279644,-0.002056390406690145,-0.0009979531543940175,0.157149354903584,0.1529618701519623,-0.004187484751621701,-0.02664652841999162,,,,,,
6,36,POOLED,monthly,shared_period,468,468,0.3331889084581252,0.33226231790093913,-0.00092659055718608,-0.0027809765981526746,0.4723261641206381,0.47190538365799667,-0.00042078046264143465,-0.0008908684180662115,0.05201614829612071,0.05170937523724914,-0.0003067730588715706,-0.005897650420503151,0.9700854700854701,0.9700854700854701,0.0,1.8611886132761657,1.858580477180345,-0.002608136095820779
6,36,POOLED,endpoint,shared_period,78,78,1.5264883279049157,1.5247783856368045,-0.0017099422681112753,-0.0011201803753443352,2.0183498454157207,2.016401395027643,-0.0019484503880775605,-0.0009653680170972724,0.3120968897767242,0.3102562514234949,-0.0018406383532292847,-0.005897650420502708,,,,,,
6,60,S1,monthly,full_period,114,114,0.18827330436190562,0.1882388574452847,-3.4446916620911594e-05,-0.0001829622990771783,0.2250055559379752,0.2248592947236552,-0.00014626121431998707,-0.0006500337901002999,0.016564617705261152,0.016731466206648213,0.00016684850138706103,0.010072583886682012,0.8596491228070176,0.868421052631579,0.00877192982456143,0.7681710905560915,0.7667188880289598,-0.0014522025271316297
6,60,S1,endpoint,full_period,19,19,1.0317875811094546,1.0306450550781099,-0.0011425260313446817,-0.001107326791156134,1.158557523799329,1.1573252424547065,-0.00123228134462261,-0.0010636341479027419,0.09938770623156701,0.10038879723988928,0.001001091008322269,0.010072583886681023,,,,,,
6,60,S1,monthly,shared_period,78,78,0.18435480254797157,0.18438549764763215,3.069509966058259e-05,0.0001665001358052244,0.22443403883504673,0.2243723027362506,-6.173609879611686e-05,-0.0002750745792241047,0.054273527562329206,0.054340703222182575,6.717565985336904e-05,0.0012377242252444836,0.9487179487179487,0.9487179487179487,0.0,0.8807015376846667,0.8788224517036076,-0.0018790859810591254
6,60,S1,endpoint,shared_period,13,13,1.0133800962546775,1.0132360495396715,-0.00014404671500600763,-0.00014214480384841361,1.1487232438461672,1.1483742412977938,-0.0003490025483734449,-0.0003038177822579013,0.32564116537397525,0.32604421933309535,0.0004030539591201032,0.0012377242252441425,,,,,,
6,60,S2,monthly,full_period,114,114,0.22295721862331105,0.22280879153303734,-0.0001484270902737117,-0.0006657200479544961,0.2650604440953705,0.26471331226687,-0.00034713182850049096,-0.0013096327129656156,0.027475502847777007,0.027480342721423294,4.839873646286796e-06,0.00017615232278372594,0.9385964912280702,0.9385964912280702,0.0,0.8689252299446444,0.8679850441746888,-0.0009401857699555816
6,60,S2,endpoint,full_period,19,19,0.9732148033239945,0.9731623149122687,-5.248841172578178e-05,-5.393301822630392e-05,1.1214502783613685,1.1214532152608154,2.936899446970287e-06,2.6188405350093644e-06,0.1648530170866619,0.16488205632853994,2.9039241878053845e-05,0.00017615232278574649,,,,,,
6,60,S2,monthly,shared_period,78,78,0.2457196002482816,0.24543408461408087,-0.00028551563420073367,-0.0011619571003381134,0.2882557882596033,0.28783464245884954,-0.00042114580075375274,-0.0014610142030329974,0.03398638566880837,0.03402062654304145,3.4240874233079643e-05,0.0010074879561113447,0.9102564102564102,0.9102564102564102,0.0,0.8987888857060858,0.8978710752409322,-0.0009178104651536012
6,60,S2,endpoint,shared_period,13,13,1.1590531220934588,1.1583958111395658,-0.0006573109538929867,-0.0005671102914642641,1.270207566625189,1.2697623049174513,-0.0004452617077377319,-0.0003505424778099429,0.20391831401285032,0.20412375925824908,0.00020544524539875542,0.0010074879561127053,,,,,,
6,60,S3,monthly,full_period,114,114,0.14706588997056483,0.14663789108017136,-0.00042799889039346617,-0.0029102526117995814,0.25060585299649163,0.2504746316354133,-0.00013122136107834859,-0.0005236165057971955,-0.054439797784847095,-0.05474160228816745,-0.0003018045033203534,-0.0055438211676156965,0.9473684210526315,0.9473684210526315,0.0,0.7685149783480124,0.7665155903966696,-0.0019993879513428015
6,60,S3,endpoint,full_period,19,19,0.6848676175658204,0.6852582501539937,0.0003906325881732897,0.0005703767825403825,0.9555321940272861,0.9566913836178441,0.0011591895905580518,0.0012131350443279258,-0.32663878670908264,-0.3284496137290048,-0.0018108270199221344,-0.005543821167615737,,,,,,
6,60,S3,monthly,shared_period,78,78,0.16331333516075047,0.16285685895168353,-0.00045647620906694164,-0.0027950945256101033,0.28568644247997976,0.285565648572458,-0.00012079390752178787,-0.00042281988068178217,-0.05473174141710945,-0.054963504150177,-0.00023176273306754758,-0.004234521450748089,0.9487179487179487,0.9487179487179487,0.0,0.8012836775338977,0.7992922131746247,-0.0019914643592729986
6,60,S3,endpoint,shared_period,13,13,0.7941114874460582,0.7947320469444985,0.0006205594984403096,0.0007814513556982923,1.0724132440843421,1.0733215448443916,0.0009083007600494408,0.0008469689879902357,-0.32839044850265675,-0.32978102490106215,-0.0013905763984053965,-0.004234521450748426,,,,,,
6,60,S4,monthly,full_period,114,114,0.32313676157179466,0.3210618683037313,-0.0020748932680633714,-0.006421099406860184,0.38064705021072054,0.37912074066953205,-0.0015263095411884864,-0.004009776354088503,0.14246784264627171,0.14133091144438584,-0.0011369312018858768,-0.007980265446348637,1.0,1.0,0.0,3.035643809964722,3.0343205980486356,-0.0013232119160861977
6,60,S4,endpoint,full_period,19,19,1.2332523758441696,1.22949424432337,-0.0037581315207995125,-0.0030473336961763776,1.5044370246182464,1.497449805387527,-0.0069872192307194325,-0.004644407918963874,0.8548070558776303,0.8479854686663151,-0.006821587211315205,-0.007980265446348571,,,,,,
6,60,S4,monthly,shared_period,78,78,0.3231970435282105,0.32155954983191665,-0.0016374936962938458,-0.005066549119441174,0.3798217045083165,0.37867587601491143,-0.0011458284934050544,-0.0030167535972920306,0.1528406512814478,0.15214244630869023,-0.0006982049727575768,-0.004568188939942882,1.0,1.0,0.0,2.9751626797182076,2.974039541762839,-0.0011231379553686693
6,60,S4,endpoint,shared_period,13,13,1.1993688763535046,1.1976145120386366,-0.0017543643148680843,-0.0014627395703329883,1.4873645176616554,1.4826280796314268,-0.004736438030228607,-0.0031844500618281174,0.9170439076886867,0.912854677852141,-0.004189229836545683,-0.004568188939943125,,,,,,
6,60,S5,monthly,full_period,114,114,0.42712032250339926,0.42689535402617446,-0.00022496847722480728,-0.0005267098411666348,0.5380718604338175,0.5378178445240064,-0.00025401590981111166,-0.0004720854749889963,0.09611182669713213,0.09541658311246576,-0.000695243584666369,-0.007233694421990571,1.0,1.0,0.0,2.672064726728008,2.6703931638244383,-0.0016715629035699564
6,60,S5,endpoint,full_period,19,19,2.2694143634428947,2.2681058558555693,-0.0013085075873253693,-0.0005765838131650193,2.889933994021811,2.8879390116702184,-0.001994982351592789,-0.0006903210785158618,0.5766709601827928,0.5724994986747945,-0.0041714615079982975,-0.007233694421990714,,,,,,
6,60,S5,monthly,shared_period,78,78,0.47874005984338847,0.47860864142386933,-0.0001314184195191359,-0.00027450892570412254,0.5923910492290387,0.5921966842453481,-0.00019436498369063138,-0.0003281024990900617,0.05328597538769198,0.05274043360203489,-0.0005455417856570915,-0.010237999430204689,1.0,1.0,0.0,2.703456745057369,2.701986393123825,-0.0014703519335443893
6,60,S5,endpoint,shared_period,13,13,2.582755476565405,2.581373368632754,-0.0013821079326512553,-0.0005351292234947489,3.220652411487929,3.2186142457205342,-0.002038165767394684,-0.0006328425135617349,0.31971585232615196,0.3164426016122093,-0.003273250713942688,-0.01023799943020512,,,,,,
6,60,S6,monthly,full_period,114,114,0.4736526463824339,0.47347716999404243,-0.00017547638839143787,-0.00037047484001547355,0.6816894642541185,0.6816792418862284,-1.0222367890055928e-05,-1.4995637201523858e-05,-0.002905825026908028,-0.002868649894478644,3.7175132429383834e-05,0.012793314148354076,0.8596491228070176,0.8596491228070176,0.0,1.6688499127484295,1.6668298852254282,-0.0020200275230013442
6,60,S6,endpoint,full_period,19,19,2.3080870442207235,2.307531078661409,-0.0005559655593145862,-0.00024087720638902343,2.7634305839139297,2.7632245115695544,-0.00020607234437530764,-7.457120347978532e-05,-0.017434950161448103,-0.017211899366871893,0.00022305079457620933,0.01279331414834875,,,,,,
6,60,S6,monthly,shared_period,78,78,0.4953858800213986,0.4951192083412867,-0.00026667168011190734,-0.000538311023520469,0.7510517942018334,0.7510400924568077,-1.1701745025738397e-05,-1.558047676082608e-05,0.08327802759423712,0.08337148398059369,9.34563863565635e-05,0.0011222214196993149,0.8974358974358975,0.8974358974358975,0.0,1.796787835484351,1.7949111400328563,-0.0018766954514946033
6,60,S6,endpoint,shared_period,13,13,2.5106519085908583,2.5094825385604387,-0.0011693700304196142,-0.0004657635040597647,3.019044463254793,3.0184930897192896,-0.0005513735355031635,-0.00018263180361005176,0.49966816556542304,0.5002289038835622,0.0005607383181391867,0.0011222214196989254,,,,,,
6,60,POOLED,monthly,full_period,684,684,0.29703435723556826,0.29651998873040697,-0.000514368505161289,-0.0017316801663901798,0.4248140499644111,0.4244682045259022,-0.00034584543850885163,-0.0008141101701740443,0.037545694514114485,0.03722484188371283,-0.0003208526304016579,-0.00854565708675439,0.9342105263157895,0.935672514619883,0.0014619883040934978,1.6303616247149848,1.6287938616164699,-0.0015677630985149182
6,60,POOLED,endpoint,full_period,114,114,1.4167706309178434,1.4156994664974532,-0.001071164420390236,-0.0007560605767895476,1.9045798259094382,1.9030797316652723,-0.0015000942441658616,-0.0007876247683394239,0.22527416708468687,0.22334905130227706,-0.0019251157824098086,-0.008545657086753776,,,,,,
6,60,POOLED,monthly,shared_period,468,468,0.31511845355833357,0.31466064013507816,-0.0004578134232554043,-0.0014528296203721233,0.46085957019933965,0.4605961723070737,-0.00026339789226592636,-0.0005715361235788085,0.053822137679567505,0.05360869825106097,-0.00021343942850653858,-0.003965643835576724,0.9508547008547008,0.9508547008547008,0.0,1.6760302268640963,1.6744871358397808,-0.0015430910243154905
6,60,POOLED,endpoint,shared_period,78,78,1.543220161217327,1.5424723878092608,-0.0007477734080663101,-0.00048455393913234614,2.072942640888517,2.0717159982987754,-0.001226642589741811,-0.0005917397643072458,0.322932826077405,0.32165218950636587,-0.0012806365710391066,-0.003965643835576338,,,,,,
6,96,S1,monthly,full_period,78,78,0.1843955275369568,0.1841878114073272,-0.00020771612962958153,-0.0011264705408212832,0.22157759342300473,0.2213146408333757,-0.000262952589629023,-0.0011867291523788282,0.056064106327505546,0.056283703678512306,0.0002195973510067603,0.00391689737679853,0.8461538461538461,0.8461538461538461,0.0,0.7101087443280497,0.7093191414484681,-0.0007896028795816301
6,96,S1,endpoint,full_period,13,13,1.0169620825494055,1.0162858607860572,-0.0006762217633482503,-0.0006649429462040917,1.1357279490808911,1.1350133045994344,-0.0007146444814567499,-0.0006292391430844764,0.33638463796503326,0.33770222207107403,0.00131758410604077,0.003916897376799148,,,,,,
6,96,S1,monthly,shared_period,78,78,0.1843955275369568,0.1841878114073272,-0.00020771612962958153,-0.0011264705408212832,0.22157759342300473,0.2213146408333757,-0.000262952589629023,-0.0011867291523788282,0.056064106327505546,0.056283703678512306,0.0002195973510067603,0.00391689737679853,0.8461538461538461,0.8461538461538461,0.0,0.7101087443280497,0.7093191414484681,-0.0007896028795816301
6,96,S1,endpoint,shared_period,13,13,1.0169620825494055,1.0162858607860572,-0.0006762217633482503,-0.0006649429462040917,1.1357279490808911,1.1350133045994344,-0.0007146444814567499,-0.0006292391430844764,0.33638463796503326,0.33770222207107403,0.00131758410604077,0.003916897376799148,,,,,,
6,96,S2,monthly,full_period,78,78,0.20741406056060038,0.2073017033769019,-0.00011235718369848047,-0.000541704759044785,0.24668181017257212,0.24655292614317414,-0.00012888402939797983,-0.0005224707460506145,0.04661858116248388,0.046678699191854564,6.0118029370684334e-05,0.0012895722664992661,0.8974358974358975,0.8974358974358975,0.0,0.7168177891503164,0.7164268335102616,-0.0003909556400547576
6,96,S2,endpoint,full_period,13,13,1.0888403310830628,1.0885262037003747,-0.0003141273826881008,-0.00028849719625616754,1.2189863871820223,1.218651141679091,-0.00033524550293129174,-0.0002750198906702245,0.27971148697490295,0.2800721951511274,0.0003607081762244668,0.0012895722665005576,,,,,,
6,96,S2,monthly,shared_period,78,78,0.20741406056060038,0.2073017033769019,-0.00011235718369848047,-0.000541704759044785,0.24668181017257212,0.24655292614317414,-0.00012888402939797983,-0.0005224707460506145,0.04661858116248388,0.046678699191854564,6.0118029370684334e-05,0.0012895722664992661,0.8974358974358975,0.8974358974358975,0.0,0.7168177891503164,0.7164268335102616,-0.0003909556400547576
6,96,S2,endpoint,shared_period,13,13,1.0888403310830628,1.0885262037003747,-0.0003141273826881008,-0.00028849719625616754,1.2189863871820223,1.218651141679091,-0.00033524550293129174,-0.0002750198906702245,0.27971148697490295,0.2800721951511274,0.0003607081762244668,0.0012895722665005576,,,,,,
6,96,S3,monthly,full_period,78,78,0.17332984604338486,0.17360973546095693,0.00027988941757206565,0.001614779127548574,0.28333600773785217,0.2834164899665577,8.048222870554733e-05,0.00028405224365274113,-0.0438547045150383,-0.04367132877847194,0.00018337573656635603,0.004181438196749777,0.7564102564102564,0.7564102564102564,0.0,0.5188111659494081,0.5179090683303971,-0.0009020976190110552
6,96,S3,endpoint,full_period,13,13,0.948829911385586,0.9498718693230478,0.0010419579374617571,0.0010981503902424148,1.1075721115952166,1.1082228815285093,0.0006507699332927164,0.0005875643910493773,-0.2631282270902297,-0.26202797267083167,0.001100254419398039,0.004181438196749408,,,,,,
6,96,S3,monthly,shared_period,78,78,0.17332984604338486,0.17360973546095693,0.00027988941757206565,0.001614779127548574,0.28333600773785217,0.2834164899665577,8.048222870554733e-05,0.00028405224365274113,-0.0438547045150383,-0.04367132877847194,0.00018337573656635603,0.004181438196749777,0.7564102564102564,0.7564102564102564,0.0,0.5188111659494081,0.5179090683303971,-0.0009020976190110552
6,96,S3,endpoint,shared_period,13,13,0.948829911385586,0.9498718693230478,0.0010419579374617571,0.0010981503902424148,1.1075721115952166,1.1082228815285093,0.0006507699332927164,0.0005875643910493773,-0.2631282270902297,-0.26202797267083167,0.001100254419398039,0.004181438196749408,,,,,,
6,96,S4,monthly,full_period,78,78,0.27662644026323224,0.27639939864294005,-0.00022704162029218988,-0.0008207516970400283,0.32230519232954885,0.32189851288341176,-0.0004066794461370926,-0.001261783724915214,0.1588983111232472,0.15866603369879706,-0.00023227742445014465,-0.001461799202321175,1.0,1.0,0.0,2.4659319107496693,2.4652711262280107,-0.0006607845216586306
6,96,S4,endpoint,full_period,13,13,1.1819172171380217,1.1809719776948184,-0.0009452394432032385,-0.0007997509719776386,1.4426211459063458,1.4407495233869363,-0.0018716225194095326,-0.001297376324144799,0.9533898667394832,0.9519962021927826,-0.0013936645467006459,-0.001461799202320942,,,,,,
6,96,S4,monthly,shared_period,78,78,0.27662644026323224,0.27639939864294005,-0.00022704162029218988,-0.0008207516970400283,0.32230519232954885,0.32189851288341176,-0.0004066794461370926,-0.001261783724915214,0.1588983111232472,0.15866603369879706,-0.00023227742445014465,-0.001461799202321175,1.0,1.0,0.0,2.4659319107496693,2.4652711262280107,-0.0006607845216586306
6,96,S4,endpoint,shared_period,13,13,1.1819172171380217,1.1809719776948184,-0.0009452394432032385,-0.0007997509719776386,1.4426211459063458,1.4407495233869363,-0.0018716225194095326,-0.001297376324144799,0.9533898667394832,0.9519962021927826,-0.0013936645467006459,-0.001461799202320942,,,,,,
6,96,S5,monthly,full_period,78,78,0.4644949467857947,0.46444975843104064,-4.518835475408878e-05,-9.728492218652213e-05,0.5744682377390041,0.5743149833888441,-0.00015325435016000366,-0.0002667760201385252,0.03845293825172455,0.03790600336734733,-0.0005469348843772232,-0.014223487443191523,0.9358974358974359,0.9358974358974359,0.0,2.2364016131731725,2.235356882092824,-0.0010447310803485266
6,96,S5,endpoint,full_period,13,13,2.54686570841045,2.5464339101646525,-0.0004317982457973102,-0.0001695410340527158,3.183274782410074,3.1820442446013057,-0.0012305378087682506,-0.0003865634897646517,0.23071762951034738,0.22743602020408396,-0.003281609306263422,-0.014223487443191879,,,,,,
6,96,S5,monthly,shared_period,78,78,0.4644949467857947,0.46444975843104064,-4.518835475408878e-05,-9.728492218652213e-05,0.5744682377390041,0.5743149833888441,-0.00015325435016000366,-0.0002667760201385252,0.03845293825172455,0.03790600336734733,-0.0005469348843772232,-0.014223487443191523,0.9358974358974359,0.9358974358974359,0.0,2.2364016131731725,2.235356882092824,-0.0010447310803485266
6,96,S5,endpoint,shared_period,13,13,2.54686570841045,2.5464339101646525,-0.0004317982457973102,-0.0001695410340527158,3.183274782410074,3.1820442446013057,-0.0012305378087682506,-0.0003865634897646517,0.23071762951034738,0.22743602020408396,-0.003281609306263422,-0.014223487443191879,,,,,,
6,96,S6,monthly,full_period,78,78,0.4553898819894336,0.45543210882831847,4.222683888488454e-05,9.272678325748206e-05,0.7239385890795161,0.7239847714649629,4.618238544673581e-05,6.379323625427462e-05,0.09032640969182437,0.09023037604842041,-9.603364340396436e-05,-0.001063184551800652,0.8589743589743589,0.8589743589743589,0.0,1.5143213279609615,1.5134633192703721,-0.0008580086905893847
6,96,S6,endpoint,full_period,13,13,2.3665349642908073,2.366695580713016,0.00016061642220854822,6.786987077399087e-05,2.901505066204184,2.9015217915768536,1.672537266950158e-05,5.764378240904504e-06,0.5419584581509461,0.5413822562905224,-0.0005762018604237307,-0.0010631845518005497,,,,,,
6,96,S6,monthly,shared_period,78,78,0.4553898819894336,0.45543210882831847,4.222683888488454e-05,9.272678325748206e-05,0.7239385890795161,0.7239847714649629,4.618238544673581e-05,6.379323625427462e-05,0.09032640969182437,0.09023037604842041,-9.603364340396436e-05,-0.001063184551800652,0.8589743589743589,0.8589743589743589,0.0,1.5143213279609615,1.5134633192703721,-0.0008580086905893847
6,96,S6,endpoint,shared_period,13,13,2.3665349642908073,2.366695580713016,0.00016061642220854822,6.786987077399087e-05,2.901505066204184,2.9015217915768536,1.672537266950158e-05,5.764378240904504e-06,0.5419584581509461,0.5413822562905224,-0.0005762018604237307,-0.0010631845518005497,,,,,,
6,96,POOLED,monthly,full_period,468,468,0.2936084505299004,0.2935634193579142,-4.5031171986231744e-05,-0.0001533715119744003,0.4374565335721856,0.43736021090107297,-9.632267111264747e-05,-0.00022018798148034304,0.05775094034029121,0.057682247867743286,-6.869247254792654e-05,-0.001189460676192691,0.8824786324786325,0.8824786324786325,0.0,1.3603987585519293,1.3596243951467226,-0.0007743634052066461
6,96,POOLED,endpoint,full_period,78,78,1.5249917024762223,1.524797567063661,-0.0001941354125611916,-0.00012730260252954954,2.026312230341721,2.025731029884116,-0.0005812004576051244,-0.00028682670365519613,0.3465056420417472,0.3460934872064597,-0.00041215483528750374,-0.001189460676192531,,,,,,
6,96,POOLED,monthly,shared_period,468,468,0.2936084505299004,0.2935634193579142,-4.5031171986231744e-05,-0.0001533715119744003,0.4374565335721856,0.43736021090107297,-9.632267111264747e-05,-0.00022018798148034304,0.05775094034029121,0.057682247867743286,-6.869247254792654e-05,-0.001189460676192691,0.8824786324786325,0.8824786324786325,0.0,1.3603987585519293,1.3596243951467226,-0.0007743634052066461
6,96,POOLED,endpoint,shared_period,78,78,1.5249917024762223,1.524797567063661,-0.0001941354125611916,-0.00012730260252954954,2.026312230341721,2.025731029884116,-0.0005812004576051244,-0.00028682670365519613,0.3465056420417472,0.3460934872064597,-0.00041215483528750374,-0.001189460676192531,,,,,,
12,36,S1,monthly,full_period,132,132,0.1780823737772237,0.17836149277775182,0.00027911900052812744,0.00156735893961801,0.21116720565556063,0.21088958897588686,-0.00027761667967377,-0.0013146770532475413,0.007879522422783633,0.007783458934947712,-9.60634878359205e-05,-0.012191536831997965,0.8181818181818182,0.8257575757575758,0.007575757575757569,0.6252531288353295,0.6247635370935442,-0.0004895917417853113
12,36,S1,endpoint,full_period,11,11,1.0616947290640617,1.0588830815562496,-0.002811647507812154,-0.0026482636023735045,1.267953579816589,1.2647132931810614,-0.003240286635527667,-0.002555524655718373,0.09455426907340368,0.09340150721937251,-0.0011527618540311674,-0.012191536831999238,,,,,,
12,36,S1,monthly,shared_period,72,72,0.18606313767554583,0.186031233807461,-3.190386808482604e-05,-0.00017146796771996576,0.21959161117449347,0.21915954144034377,-0.00043206973414969263,-0.0019676058290148354,0.059113708766285314,0.05924019884033149,0.00012649007404617885,0.002139775640643287,0.875,0.875,0.0,0.7328100041490256,0.7313573088083261,-0.0014526953406995835
12,36,S1,endpoint,shared_period,6,6,0.9967254840091825,0.9927028387098762,-0.004022645299306293,-0.004035860789999861,1.2706332514430094,1.2659949670334991,-0.004638284409510307,-0.003650372288182121,0.7093645051954239,0.7108823860839778,0.0015178808885538686,0.002139775640642895,,,,,,
12,36,S2,monthly,full_period,132,132,0.26434672291196293,0.2643350516909625,-1.1671221000431053e-05,-4.415118474654968e-05,0.3403693869924082,0.34035360538322185,-1.5781609186360512e-05,-4.6366123950837315e-05,0.010641743651088975,0.010607038532203161,-3.4705118885813846e-05,-0.003261224854092633,0.8106060606060606,0.8106060606060606,0.0,0.799917450211246,0.7980797411816763,-0.0018377090295697007
12,36,S2,endpoint,full_period,11,11,1.9162235680716753,1.9167486715874247,0.0005251035157494144,0.0002740304025577944,2.5220089458790356,2.5230925909339432,0.001083645054907656,0.0004296753414290353,0.12770092381306775,0.1272844623864379,-0.0004164614266298494,-0.003261224854093284,,,,,,
12,36,S2,monthly,shared_period,72,72,0.2981265706151286,0.2981966448154995,7.00742003709176e-05,0.00023504849039900254,0.3698271031456447,0.3699795349971654,0.00015243185152069572,0.0004121705797767484,0.015302970317442245,0.015261726920967382,-4.124339647486319e-05,-0.002695123601452339,0.8194444444444444,0.8194444444444444,0.0,0.9637779000320674,0.9612777595642942,-0.0025001404677732486
12,36,S2,endpoint,shared_period,6,6,2.8593090032933586,2.8602154416593257,0.0009064383659671549,0.00031701308425326435,3.2932296231452427,3.294777644087662,0.001548020942419459,0.0004700616475510144,0.18363564380930728,0.18314072305160853,-0.0004949207576987469,-0.0026951236014544503,,,,,,
12,36,S3,monthly,full_period,132,132,0.16889060738588083,0.16877530554443226,-0.00011530184144856181,-0.0006827013250365099,0.2588375512080192,0.25874673826533623,-9.08129426829829e-05,-0.0003508491803416867,-0.031178545374516385,-0.031729844718715844,-0.0005512993441994588,-0.017682009778751905,0.9772727272727273,0.9772727272727273,0.0,1.0042272489330044,1.0003867695867368,-0.0038404793462676334
12,36,S3,endpoint,full_period,11,11,1.3763776585366545,1.3772819200463842,0.0009042615097296647,0.0006569864776002415,1.8629785994845576,1.8667888014214602,0.003810201936902624,0.002045220453931579,-0.37414254449419654,-0.38075813662459007,-0.006615592130393533,-0.017682009778751985,,,,,,
12,36,S3,monthly,shared_period,72,72,0.1802538214350858,0.17985346053944856,-0.0004003608956372473,-0.002221095189271357,0.3041273048654762,0.3038808541368449,-0.0002464507286312756,-0.0008103538376479793,-0.06895898664366146,-0.06939293289731055,-0.00043394625364909234,-0.006292816567787828,0.9583333333333334,0.9583333333333334,0.0,1.0226662576337,1.0199422841830308,-0.002723973450669215
12,36,S3,endpoint,shared_period,6,6,1.315519034284456,1.31431328053121,-0.0012057537532459417,-0.0009165612369126849,1.9965814728123032,2.000845734821405,0.0042642620091017935,0.002135781618315494,-0.8275078397239373,-0.8327151947677267,-0.005207355043789441,-0.006292816567788232,,,,,,
12,36,S4,monthly,full_period,132,132,0.43241701161103546,0.43088439519236427,-0.0015326164186711955,-0.0035443018602834323,0.5254182981908098,0.5242638198951646,-0.0011544782956451893,-0.0021972555954378496,0.17899742236792615,0.1769653480587647,-0.0020320743091614413,-0.011352533920765335,1.0,1.0,0.0,3.919570514550678,3.914372515503963,-0.0051979990467150294
12,36,S4,endpoint,full_period,11,11,2.693809834245301,2.6573144558769886,-0.036495378368312625,-0.013547867375180619,3.3323942288585315,3.3044276428007944,-0.027966586057737164,-0.008392340202592644,2.1479690684151134,2.123584176705177,-0.024384891709936518,-0.011352533920764974,,,,,,
12,36,S4,monthly,shared_period,72,72,0.4401784546253814,0.4392154365883837,-0.0009630180369977204,-0.0021877900357874336,0.5341204340971558,0.5329060975919967,-0.0012143365051591193,-0.002273525646349327,0.1480787414571886,0.14656010908950967,-0.0015186323676789348,-0.010255573168265954,1.0,1.0,0.0,3.841144076001017,3.8363367577041805,-0.004807318296836449
12,36,S4,endpoint,shared_period,6,6,2.415928569761869,2.383410586675215,-0.03251798308665377,-0.0134598280320262,3.0423158519103155,3.0151858035186376,-0.027130048391677875,-0.008917564681734973,1.7769448974862634,1.7587213090741158,-0.01822358841214755,-0.010255573168266141,,,,,,
12,36,S5,monthly,full_period,132,132,0.5177081851518189,0.5171539790983402,-0.0005542060534787785,-0.0010704989207699247,0.6907671989821779,0.6900671068970875,-0.0007000920850903647,-0.0010134993180364192,-0.0008261938868581646,-0.0024551259861702052,-0.0016289320993120406,-1.9716099637417006,0.9090909090909091,0.9090909090909091,0.0,2.5370467875709375,2.5349440733866437,-0.0021027141842937525
12,36,S5,endpoint,full_period,11,11,4.750026410597072,4.7473356529095865,-0.002690757687485501,-0.0005664721529721508,6.5994433149860665,6.600453035610037,0.0010097206239700895,0.00015300087837366648,-0.009914326642298056,-0.029461511834042622,-0.019547185191744566,-1.9716099637416924,,,,,,
12,36,S5,monthly,shared_period,72,72,0.49047000240418076,0.4908553888476427,0.0003853864434619214,0.0007857492641197997,0.5798779476080317,0.5800314343134525,0.00015348670542081333,0.0002646879503763482,0.07109670727122382,0.07016315920249425,-0.00093354806872957,-0.013130679388121548,1.0,1.0,0.0,2.732970061828807,2.732134584977917,-0.0008354768508898047
12,36,S5,endpoint,shared_period,6,6,4.36821480046975,4.3726763092322,0.004461508762449995,0.001021357457506488,5.753796785305187,5.762635958401072,0.008839173095885222,0.0015362331041061236,0.8531604872546854,0.841957910429931,-0.011202576824754451,-0.013130679388121099,,,,,,
12,36,S6,monthly,full_period,132,132,0.3722902413320937,0.37174473957553483,-0.0005455017565588749,-0.0014652593487463226,0.6075072515833292,0.6070104662121591,-0.0004967853711700387,-0.0008177439361839401,-0.02188347063903902,-0.021848694993768583,3.4775645270438554e-05,0.0015891284268410577,0.8106060606060606,0.8181818181818182,0.00757575757575768,1.1660513367786707,1.1614222382816828,-0.0046290984969878934
12,36,S6,endpoint,full_period,11,11,2.9739586432913527,2.971335389074822,-0.002623254216530757,-0.0008820748810506448,3.49382698582792,3.4913862893894256,-0.0024406964384944274,-0.000698573927213532,-0.2626016476684678,-0.262184339925223,0.00041730774324477693,0.0015891284268392109,,,,,,
12,36,S6,monthly,shared_period,72,72,0.4221046880605278,0.4215014248141293,-0.0006032632463985332,-0.0014291792142143377,0.702708425505332,0.702359008730062,-0.00034941677527000614,-0.0004972428998823138,0.09965689226116371,0.1000475309667222,0.00039063870555848534,0.00391983631733936,0.8611111111111112,0.8611111111111112,0.0,1.4150155010550018,1.4110895299485096,-0.0039259711064922875
12,36,S6,endpoint,shared_period,6,6,3.511528232092956,3.505604188572452,-0.005924043520504352,-0.001687027165654732,4.0995439612128015,4.093421835713492,-0.006122125499309128,-0.0014933674470215877,1.1958827071339648,1.2005703716006666,0.004687664466701769,0.003919836317339313,,,,,,
12,36,POOLED,monthly,full_period,792,792,0.32228919036166925,0.32187582731323094,-0.00041336304843830884,-0.0012825842777241072,0.4742939591735401,0.47377416226197466,-0.000519796911565451,-0.001095938292090416,0.023938413090230867,0.0232203633045435,-0.0007180497856873677,-0.029995713708374422,0.8876262626262627,0.8901515151515151,0.002525252525252486,1.6753444111466447,1.6723281458390413,-0.0030162653076033497
12,36,POOLED,endpoint,full_period,66,66,2.462015140634353,2.4548165285085757,-0.007198612125777437,-0.0029238699660972317,3.6125534606642704,3.6084483486447803,-0.004105112019490154,-0.0011363463722237378,0.2872609570827706,0.2786443596545219,-0.008616597428248718,-0.029995713708375463,,,,,,
12,36,POOLED,monthly,shared_period,432,432,0.33619944580264166,0.3359422649020941,-0.00025718090054754894,-0.0007649652721275491,0.48180704696009924,0.48148950926936546,-0.00031753769073378235,-0.0006590557210344812,0.054048338904940374,0.05364663202045242,-0.00040170688448795677,-0.007432363188709174,0.9189814814814815,0.9189814814814815,0.0,1.7847306334499364,1.782023037531043,-0.0027075959188933574
12,36,POOLED,endpoint,shared_period,36,36,2.577870853985262,2.5714871075633794,-0.006383746421882552,-0.002476363938873661,3.549984311404319,3.5477013116237295,-0.0022829997805895452,-0.0006431013718160421,0.6485800668592847,0.6437595842454288,-0.004820482613855925,-0.007432363188709857,,,,,,
12,60,S1,monthly,full_period,108,108,0.20303660806934343,0.20293580811552958,-0.00010079995381384599,-0.0004964619669937532,0.23409354925272682,0.23381410635651523,-0.0002794428962115958,-0.001193723180769539,0.026380386196121423,0.026592250323148582,0.00021186412702715873,0.008031123026482003,0.7407407407407407,0.75,0.0092592592592593,0.6002280920941957,0.5993785349256758,-0.0008495571685198655
12,60,S1,endpoint,full_period,9,9,1.2885291875596907,1.2835000607496445,-0.005029126810046192,-0.0039029979752113445,1.5598047675212998,1.5561228519571173,-0.003681915564182514,-0.0023604976987174364,0.31656463435345705,0.319107003877783,0.0025423695243259603,0.008031123026482179,,,,,,
12,60,S1,monthly,shared_period,72,72,0.20630934888345384,0.20618088065607532,-0.00012846822737852537,-0.0006226970715277586,0.23873140792737851,0.23842623671903662,-0.00030517120834189226,-0.001278303558762258,0.07416355560125155,0.07427713886719572,0.0001135832659441699,0.0015315240082994768,0.7777777777777778,0.7777777777777778,0.0,0.6478869549769792,0.6468370648698006,-0.001049890107178597
12,60,S1,endpoint,shared_period,6,6,1.2512965193118561,1.2470904158238254,-0.0042061034880307435,-0.0033613962982522064,1.6047135754710327,1.6027178025518067,-0.0019957729192259244,-0.0012436941705563274,0.8899626672150186,0.8913256664063485,0.0013629991913298722,0.00153152400829929,,,,,,
12,60,S2,monthly,full_period,108,108,0.2695604857580492,0.26949767434490474,-6.281141314445904e-05,-0.00023301417107860907,0.32058424928630525,0.32048454812791244,-9.970115839280647e-05,-0.00031099830579563506,0.013832160818492902,0.013761858043414692,-7.030277507820946e-05,-0.005082559117171209,0.8148148148148148,0.8148148148148148,0.0,0.849204538236243,0.8481808633168013,-0.0010236749194416639
12,60,S2,endpoint,full_period,9,9,1.7647650293032284,1.7640848847853887,-0.0006801445178397092,-0.0003854023093988023,2.451884537577765,2.45124105186952,-0.0006434857082453505,-0.00026244535514753674,0.16598592982191482,0.16514229652097623,-0.0008436333009385899,-0.005082559117171669,,,,,,
12,60,S2,monthly,shared_period,72,72,0.3054477971410177,0.30517545591674244,-0.0002723412242752743,-0.0008916129918905294,0.3542474269279486,0.35408388707094096,-0.00016353985700762186,-0.000461654325695031,0.01662697852818569,0.016548318124776116,-7.866040340957434e-05,-0.004730889817186625,0.7777777777777778,0.7777777777777778,0.0,0.8890345629840802,0.8880328382758651,-0.0010017247082151348
12,60,S2,endpoint,shared_period,6,6,2.5722211890405133,2.570535577583487,-0.0016856114570265035,-0.000655313572646242,3.00007475699821,2.999217919952156,-0.0008568370460539931,-0.00028560523168806633,0.19952374233822834,0.19857981749731315,-0.0009439248409151835,-0.004730889817188084,,,,,,
12,60,S3,monthly,full_period,108,108,0.16735493293846082,0.16707117564640994,-0.0002837572920508791,-0.0016955418467122288,0.2760126792217924,0.275844945313323,-0.00016773390846941405,-0.0006077036350008762,-0.07855666510838004,-0.07866255470907008,-0.00010588960069003728,-0.0013479391028622153,0.8518518518518519,0.8518518518518519,0.0,0.6730362564782704,0.6712660760701761,-0.0017701804080942907
12,60,S3,endpoint,full_period,9,9,1.2136463028180557,1.2134069614296648,-0.00023934138839099006,-0.0001972085177001285,1.9003369894525737,1.9016139566815857,0.0012769672290120493,0.000671968832948888,-0.9426799813005606,-0.9439506565088411,-0.0012706752082805028,-0.0013479391028622739,,,,,,
12,60,S3,monthly,shared_period,72,72,0.19112574089399098,0.1908243982155175,-0.00030134267847348184,-0.001576672388888859,0.31992221138386323,0.31976527933186316,-0.00015693205200006943,-0.0004905319056193077,-0.0865484527354656,-0.08667114306253157,-0.00012269032706596628,-0.0014175912242009446,0.9166666666666666,0.9166666666666666,0.0,0.7853613404367208,0.7830418935241864,-0.002319446912534384
12,60,S3,endpoint,shared_period,6,6,1.372633601981135,1.373116626898055,0.00048302491692009397,0.0003518964683823415,2.174044151200865,2.175843692002569,0.0017995408017039694,0.0008277388482243872,-1.0385814328255873,-1.0400537167503792,-0.0014722839247918174,-0.0014175912242011582,,,,,,
12,60,S4,monthly,full_period,108,108,0.3405655944193641,0.3386044834645662,-0.001961110954797951,-0.005758394232809927,0.4102893128439706,0.4083619875593615,-0.0019273252846090938,-0.004697478643178889,0.13556458906077898,0.1344389047791048,-0.001125684281674172,-0.008303674945449677,1.0,1.0,0.0,3.142524120629123,3.1415170458322526,-0.0010070747968704552
12,60,S4,endpoint,full_period,9,9,2.1558376234075474,2.1345585680658528,-0.021279055341694608,-0.009870435097083347,2.695800425212248,2.681165524335959,-0.014634900876288714,-0.005428777568033979,1.6267750687293479,1.6132668573492577,-0.013508211380090174,-0.008303674945449745,,,,,,
12,60,S4,monthly,shared_period,72,72,0.34486915043171823,0.34353873081316144,-0.0013304196185567885,-0.0038577518948602002,0.41961999369599917,0.4180743611269763,-0.0015456325690228478,-0.003683410209816188,0.14413831672846933,0.14349284475979424,-0.0006454719686750932,-0.004478142823681272,1.0,1.0,0.0,3.119597411660532,3.1187344783199173,-0.0008629333406147133
12,60,S4,endpoint,shared_period,6,6,2.2070328222937285,2.1910954004213505,-0.01593742187237801,-0.007221198394237989,2.79520229944961,2.7840796870675053,-0.01112261238210488,-0.003979179748204622,1.7296598007416317,1.7219141371175306,-0.007745663624101118,-0.0044781428236812726,,,,,,
12,60,S5,monthly,full_period,108,108,0.43242921144782676,0.4322330708248589,-0.00019614062296785528,-0.00045357856910533886,0.5563426371563829,0.5561374386220337,-0.00020519853434919355,-0.0003688348162528375,0.11658820532939672,0.11583241723527021,-0.0007557880941265055,-0.006482543341251175,0.9907407407407407,0.9907407407407407,0.0,2.7005055798460074,2.6986803014437393,-0.0018252784022680935
12,60,S5,endpoint,full_period,9,9,4.253913190935206,4.251955044096448,-0.001958146838758168,-0.00046031659577135776,5.476953272837458,5.472574063214857,-0.004379209622601188,-0.0007995703823729064,1.3990584639527608,1.3899890068232428,-0.00906945712951801,-0.006482543341251135,,,,,,
12,60,S5,monthly,shared_period,72,72,0.49006433810351907,0.48994450604543477,-0.00011983205808430153,-0.00024452311414463446,0.6204132924185132,0.6202895561100005,-0.0001237363085127008,-0.00019944174314890693,0.08048282480995922,0.07989058290123056,-0.0005922419087286551,-0.0073586123514810965,0.9861111111111112,0.9861111111111112,0.0,2.736652883153093,2.7350273511022123,-0.0016255320508808957
12,60,S5,endpoint,shared_period,6,6,4.768271865413888,4.766543790261895,-0.0017280751519930249,-0.0003624112048911094,6.2224584293182605,6.2188590656461376,-0.0035993636721229905,-0.000578447202662524,0.9657938977195104,0.9586869948147666,-0.007106902904743806,-0.00735861235148104,,,,,,
12,60,S6,monthly,full_period,108,108,0.466470603321946,0.46639288326769573,-7.772005425027428e-05,-0.00016661297345812358,0.6851417564076135,0.6851513845476604,9.628140046902267e-06,1.4052770768760687e-05,0.0235769593926162,0.02354403689966786,-3.292249294834307e-05,-0.0013963841732133487,0.8518518518518519,0.8518518518518519,0.0,1.5523036671125734,1.5503403762435126,-0.001963290869060774
12,60,S6,endpoint,full_period,9,9,3.9733715769495452,3.972414213211069,-0.0009573637384763245,-0.0002409449305044146,4.63230839317469,4.631629003284114,-0.0006793898905765872,-0.0001466633550515786,0.2829235127113942,0.2825284427960142,-0.0003950699153800197,-0.0013963841732130063,,,,,,
12,60,S6,monthly,shared_period,72,72,0.4959417517636443,0.4957961873938452,-0.00014556436979912268,-0.00029351102076296995,0.766822097713218,0.7668066073704054,-1.5490342812563007e-05,-2.020069956089894e-05,0.13072097945664496,0.1307927289573757,7.174950073074449e-05,0.0005488751769530689,0.8611111111111112,0.8611111111111112,0.0,1.634780979860012,1.6330127419314777,-0.0017682379285341998
12,60,S6,endpoint,shared_period,6,6,4.5386533778044305,4.536397078215176,-0.0022562995892547733,-0.0004971297434364234,5.167187620825383,5.165431454932714,-0.0017561658926696921,-0.0003398688070841078,1.5686517534797393,1.5695127474885082,0.0008609940087689338,0.0005488751769530689,,,,,,
12,60,POOLED,monthly,full_period,648,648,0.3132362393258317,0.31278918261066085,-0.0004470567151708682,-0.0014272190093108446,0.4436647995782403,0.4432739181444965,-0.0003908814337437727,-0.0008810287273530718,0.039564272614837706,0.03925115209525601,-0.0003131205195816972,-0.007914224093791838,0.875,0.8765432098765432,0.0015432098765432167,1.5863003757327354,1.5848938663053598,-0.0014065094273756351
12,60,POOLED,endpoint,full_period,54,54,2.441677151828879,2.4366532887230115,-0.005023863105867665,-0.002057546019998861,3.4345947724773622,3.431130506973904,-0.0034642655034580194,-0.001008638786507922,0.4747712713780523,0.47101382514307216,-0.003757446234980144,-0.007914224093791373,,,,,,
12,60,POOLED,monthly,shared_period,432,432,0.3389596878695574,0.33857669317346284,-0.00038299469609454073,-0.0011299122279164048,0.4888496476445343,0.48853692819534045,-0.00031271944919386563,-0.0006397047654645313,0.0599307003981742,0.059721745091306795,-0.00020895530686740327,-0.0034866154655147186,0.8865740740740741,0.8865740740740741,0.0,1.635552355511903,1.6341143946705765,-0.0014379608413264133
12,60,POOLED,endpoint,shared_period,36,36,2.7850182293075925,2.7807964815339647,-0.004221747773627715,-0.001515877967763723,3.8629434995976606,3.8601661914984384,-0.0027773080992221644,-0.0007189616155430259,0.7191684047780902,0.7166609410956813,-0.002507463682408839,-0.0034866154655147194,,,,,,
12,96,S1,monthly,full_period,72,72,0.19538290872035616,0.19542350504134318,4.05963209870186e-05,0.0002077782609180136,0.23078573231006624,0.23041138350858179,-0.0003743488014844587,-0.0016220621514917222,0.06760342000437837,0.06787589281975391,0.0002724728153755407,0.004030459041242201,0.7638888888888888,0.7638888888888888,0.0,0.6208307889931979,0.6202645193314464,-0.0005662696617514396
12,96,S1,endpoint,full_period,6,6,1.328864340709636,1.3283099518874568,-0.0005543888221792859,-0.00041718993067662034,1.60001949049517,1.6012260805673526,0.0012065900721827116,0.0007541096088831389,0.8112410400525404,0.8145107138370471,0.0032696737845067103,0.004030459041242475,,,,,,
12,96,S1,monthly,shared_period,72,72,0.19538290872035616,0.19542350504134318,4.05963209870186e-05,0.0002077782609180136,0.23078573231006624,0.23041138350858179,-0.0003743488014844587,-0.0016220621514917222,0.06760342000437837,0.06787589281975391,0.0002724728153755407,0.004030459041242201,0.7638888888888888,0.7638888888888888,0.0,0.6208307889931979,0.6202645193314464,-0.0005662696617514396
12,96,S1,endpoint,shared_period,6,6,1.328864340709636,1.3283099518874568,-0.0005543888221792859,-0.00041718993067662034,1.60001949049517,1.6012260805673526,0.0012065900721827116,0.0007541096088831389,0.8112410400525404,0.8145107138370471,0.0032696737845067103,0.004030459041242475,,,,,,
12,96,S2,monthly,full_period,72,72,0.223712650742606,0.22355936359409728,-0.00015328714850870728,-0.000685196603767718,0.2647585082337195,0.26458353677993196,-0.00017497145378753132,-0.0006608718826632483,0.05288275698411485,0.052975923972771816,9.316698865696749e-05,0.0017617649678316391,0.8333333333333334,0.8333333333333334,0.0,0.7104844360739423,0.7100919632948686,-0.000392472779073727
12,96,S2,endpoint,full_period,6,6,2.2584830389365567,2.257443781519829,-0.0010392574167275015,-0.0004601572820386788,2.6072970480325424,2.606046608554147,-0.0012504394783952044,-0.0004795922579434445,0.6345930838093782,0.6357110876732616,0.0011180038638833878,0.0017617649678312892,,,,,,
12,96,S2,monthly,shared_period,72,72,0.223712650742606,0.22355936359409728,-0.00015328714850870728,-0.000685196603767718,0.2647585082337195,0.26458353677993196,-0.00017497145378753132,-0.0006608718826632483,0.05288275698411485,0.052975923972771816,9.316698865696749e-05,0.0017617649678316391,0.8333333333333334,0.8333333333333334,0.0,0.7104844360739423,0.7100919632948686,-0.000392472779073727
12,96,S2,endpoint,shared_period,6,6,2.2584830389365567,2.257443781519829,-0.0010392574167275015,-0.0004601572820386788,2.6072970480325424,2.606046608554147,-0.0012504394783952044,-0.0004795922579434445,0.6345930838093782,0.6357110876732616,0.0011180038638833878,0.0017617649678312892,,,,,,
12,96,S3,monthly,full_period,72,72,0.19651017539870613,0.19663100673415507,0.00012083133544893432,0.0006148858968945274,0.30085703968648486,0.3008927611857038,3.572149921893253e-05,0.00011873246926898222,-0.0458525319093095,-0.04580637239768277,4.615951162673104e-05,0.001006694934928102,0.6388888888888888,0.6388888888888888,0.0,0.42290852256338723,0.4225914110963697,-0.0003171114670175168
12,96,S3,endpoint,full_period,6,6,1.4828180889947629,1.4826229558812904,-0.00019513311347241213,-0.0001315961242452184,2.0546105321491237,2.054871190995643,0.00026065884651949034,0.0001268653316241113,-0.5502303829117139,-0.5496764687721932,0.0005539141395206615,0.0010066949349279003,,,,,,
12,96,S3,monthly,shared_period,72,72,0.19651017539870613,0.19663100673415507,0.00012083133544893432,0.0006148858968945274,0.30085703968648486,0.3008927611857038,3.572149921893253e-05,0.00011873246926898222,-0.0458525319093095,-0.04580637239768277,4.615951162673104e-05,0.001006694934928102,0.6388888888888888,0.6388888888888888,0.0,0.42290852256338723,0.4225914110963697,-0.0003171114670175168
12,96,S3,endpoint,shared_period,6,6,1.4828180889947629,1.4826229558812904,-0.00019513311347241213,-0.0001315961242452184,2.0546105321491237,2.054871190995643,0.00026065884651949034,0.0001268653316241113,-0.5502303829117139,-0.5496764687721932,0.0005539141395206615,0.0010066949349279003,,,,,,
12,96,S4,monthly,full_period,72,72,0.2769335204002388,0.27675501932922714,-0.0001785010710116386,-0.0006445628927609035,0.3288292978010316,0.3284943637797873,-0.00033493402124429306,-0.0010185650228981583,0.14723047641006648,0.1470855487871841,-0.0001449276228823737,-0.0009843588529777024,1.0,1.0,0.0,2.511986411313285,2.5110658856658525,-0.0009205256474325019
12,96,S4,endpoint,full_period,6,6,2.0457861374388266,2.0454467465779387,-0.000339390860887967,-0.00016589752695893195,2.6281887080397177,2.6225163358115373,-0.0056723722281804,-0.002158281941790718,1.7667657169207978,1.7650265854462093,-0.0017391314745884845,-0.0009843588529777024,,,,,,
12,96,S4,monthly,shared_period,72,72,0.2769335204002388,0.27675501932922714,-0.0001785010710116386,-0.0006445628927609035,0.3288292978010316,0.3284943637797873,-0.00033493402124429306,-0.0010185650228981583,0.14723047641006648,0.1470855487871841,-0.0001449276228823737,-0.0009843588529777024,1.0,1.0,0.0,2.511986411313285,2.5110658856658525,-0.0009205256474325019
12,96,S4,endpoint,shared_period,6,6,2.0457861374388266,2.0454467465779387,-0.000339390860887967,-0.00016589752695893195,2.6281887080397177,2.6225163358115373,-0.0056723722281804,-0.002158281941790718,1.7667657169207978,1.7650265854462093,-0.0017391314745884845,-0.0009843588529777024,,,,,,
12,96,S5,monthly,full_period,72,72,0.48014890105556873,0.4800870168779345,-6.188417763425269e-05,-0.00012888538846638053,0.6047294756223116,0.6045812515707127,-0.00014822405159886642,-0.00024510803189530797,0.06942174086868687,0.06890260021657946,-0.000519140652107411,-0.007478070206988612,0.875,0.875,0.0,2.209117855890075,2.2080293675749036,-0.0010884883151711655
12,96,S5,endpoint,full_period,6,6,4.7554731629082605,4.7553394522577435,-0.00013371065051703823,-2.8117212722375253e-05,6.21599071975452,6.213243376298727,-0.002747343455792972,-0.0004419799802888814,0.8330608904242424,0.8268312025989535,-0.0062296878252888765,-0.007478070206988546,,,,,,
12,96,S5,monthly,shared_period,72,72,0.48014890105556873,0.4800870168779345,-6.188417763425269e-05,-0.00012888538846638053,0.6047294756223116,0.6045812515707127,-0.00014822405159886642,-0.00024510803189530797,0.06942174086868687,0.06890260021657946,-0.000519140652107411,-0.007478070206988612,0.875,0.875,0.0,2.209117855890075,2.2080293675749036,-0.0010884883151711655
12,96,S5,endpoint,shared_period,6,6,4.7554731629082605,4.7553394522577435,-0.00013371065051703823,-2.8117212722375253e-05,6.21599071975452,6.213243376298727,-0.002747343455792972,-0.0004419799802888814,0.8330608904242424,0.8268312025989535,-0.0062296878252888765,-0.007478070206988546,,,,,,
12,96,S6,monthly,full_period,72,72,0.47805620577072183,0.4780254918608333,-3.071390988851341e-05,-6.424748704808982e-05,0.743031856830137,0.7430013300234551,-3.052680668180763e-05,-4.108411557485388e-05,0.1506188189078814,0.1505076300502919,-0.00011118885758948371,-0.0007382135804523001,0.8055555555555556,0.8055555555555556,0.0,1.4321919693684668,1.4313316065254829,-0.0008603628429839638
12,96,S6,endpoint,full_period,6,6,4.56201143472568,4.561149341307713,-0.0008620934179672801,-0.00018897221769439051,5.357477218538866,5.356248360928122,-0.0012288576107444271,-0.00022937243792509694,1.8074258268945762,1.8060915606035028,-0.0013342662910733605,-0.0007382135804520545,,,,,,
12,96,S6,monthly,shared_period,72,72,0.47805620577072183,0.4780254918608333,-3.071390988851341e-05,-6.424748704808982e-05,0.743031856830137,0.7430013300234551,-3.052680668180763e-05,-4.108411557485388e-05,0.1506188189078814,0.1505076300502919,-0.00011118885758948371,-0.0007382135804523001,0.8055555555555556,0.8055555555555556,0.0,1.4321919693684668,1.4313316065254829,-0.0008603628429839638
12,96,S6,endpoint,shared_period,6,6,4.56201143472568,4.561149341307713,-0.0008620934179672801,-0.00018897221769439051,5.357477218538866,5.356248360928122,-0.0012288576107444271,-0.00022937243792509694,1.8074258268945762,1.8060915606035028,-0.0013342662910733605,-0.0007382135804520545,,,,,,
12,96,POOLED,monthly,full_period,432,432,0.30845739368136627,0.3084135672395984,-4.3826441767869095e-05,-0.0001420826430672024,0.4545688188258095,0.4544425743922975,-0.00012624443351200165,-0.0002777234783461433,0.07365078021096973,0.07359020390814973,-6.057630281999793e-05,-0.0008224801237200682,0.8194444444444444,0.8194444444444444,0.0,1.317919997367059,1.3172291255814872,-0.0006908717855718116
12,96,POOLED,endpoint,full_period,36,36,2.7389060339522873,2.7383853715719955,-0.0005206623802918031,-0.00019009866488208015,3.8259631328979657,3.824248971743626,-0.001714161154339866,-0.00044803389232908765,0.8838093625316369,0.8830824468977967,-0.0007269156338401972,-0.0008224801237203193,,,,,,
12,96,POOLED,monthly,shared_period,432,432,0.30845739368136627,0.3084135672395984,-4.3826441767869095e-05,-0.0001420826430672024,0.4545688188258095,0.4544425743922975,-0.00012624443351200165,-0.0002777234783461433,0.07365078021096973,0.07359020390814973,-6.057630281999793e-05,-0.0008224801237200682,0.8194444444444444,0.8194444444444444,0.0,1.317919997367059,1.3172291255814872,-0.0006908717855718116
12,96,POOLED,endpoint,shared_period,36,36,2.7389060339522873,2.7383853715719955,-0.0005206623802918031,-0.00019009866488208015,3.8259631328979657,3.824248971743626,-0.001714161154339866,-0.00044803389232908765,0.8838093625316369,0.8830824468977967,-0.0007269156338401972,-0.0008224801237203193,,,,,,
